path_a,label_a,path_b,label_b,hamming
"/kaggle/input/datasets/arafatrahmann/my-data221/Epic and CSCR hospital Dataset/Train/glioma/G_707_RO_.jpg",0,"/kaggle/input/datasets/arafatrahmann/my-data221/Epic and CSCR hospital Dataset/Train/meningioma/M_820_RO_.jpg",1,4
"/kaggle/input/datasets/arafatrahmann/my-data221/Epic and CSCR hospital Dataset/Train/glioma/G_750.jpg",0,"/kaggle/input/datasets/arafatrahmann/my-data221/Epic and CSCR hospital Dataset/Train/notumor/1660.jpg",2,4
"/kaggle/input/datasets/arafatrahmann/my-data221/Epic and CSCR hospital Dataset/Train/glioma/G_750.jpg",0,"/kaggle/input/datasets/arafatrahmann/my-data221/Epic and CSCR hospital Dataset/Train/notumor/N_434.jpg",2,4
"/kaggle/input/datasets/arafatrahmann/my-data221/Epic and CSCR hospital Dataset/Train/glioma/G_750.jpg",0,"/kaggle/input/datasets/arafatrahmann/my-data221/Epic and CSCR hospital Dataset/Train/notumor/N_434_BR_.jpg",2,4
"/kaggle/input/datasets/arafatrahmann/my-data221/Epic and CSCR hospital Dataset/Train/glioma/G_750.jpg",0,"/kaggle/input/datasets/arafatrahmann/my-data221/Epic and CSCR hospital Dataset/Train/notumor/Te-no_0096.jpg",2,4
"/kaggle/input/datasets/arafatrahmann/my-data221/Epic and CSCR hospital Dataset/Train/glioma/G_750.jpg",0,"/kaggle/input/datasets/arafatrahmann/my-data221/Epic and CSCR hospital Dataset/Train/notumor/Tr-no_0359.jpg",2,4
"/kaggle/input/datasets/arafatrahmann/my-data221/Epic and CSCR hospital Dataset/Train/glioma/G_750_BR_.jpg",0,"/kaggle/input/datasets/arafatrahmann/my-data221/Epic and CSCR hospital Dataset/Train/notumor/N_434_BR_.jpg",2,4
"/kaggle/input/datasets/arafatrahmann/my-data221/Epic and CSCR hospital Dataset/Train/glioma/G_750_SP_.jpg",0,"/kaggle/input/datasets/arafatrahmann/my-data221/Epic and CSCR hospital Dataset/Train/notumor/1660.jpg",2,4
"/kaggle/input/datasets/arafatrahmann/my-data221/Epic and CSCR hospital Dataset/Train/glioma/G_750_SP_.jpg",0,"/kaggle/input/datasets/arafatrahmann/my-data221/Epic and CSCR hospital Dataset/Train/notumor/N_434.jpg",2,4
"/kaggle/input/datasets/arafatrahmann/my-data221/Epic and CSCR hospital Dataset/Train/glioma/G_750_SP_.jpg",0,"/kaggle/input/datasets/arafatrahmann/my-data221/Epic and CSCR hospital Dataset/Train/notumor/Te-no_0096.jpg",2,4
"/kaggle/input/datasets/arafatrahmann/my-data221/Epic and CSCR hospital Dataset/Train/glioma/G_750_SP_.jpg",0,"/kaggle/input/datasets/arafatrahmann/my-data221/Epic and CSCR hospital Dataset/Train/notumor/Tr-no_0359.jpg",2,4
"/kaggle/input/datasets/arafatrahmann/my-data221/Epic and CSCR hospital Dataset/Train/glioma/G_750_VF_.jpg",0,"/kaggle/input/datasets/arafatrahmann/my-data221/Epic and CSCR hospital Dataset/Train/notumor/N_403_VF_.jpg",2,4
"/kaggle/input/datasets/arafatrahmann/my-data221/Epic and CSCR hospital Dataset/Train/glioma/G_787_BR_.jpg",0,"/kaggle/input/datasets/arafatrahmann/my-data221/Epic and CSCR hospital Dataset/Train/meningioma/Tr-me_0507.jpg",1,4
"/kaggle/input/datasets/arafatrahmann/my-data221/Epic and CSCR hospital Dataset/Train/glioma/G_787_BR_.jpg",0,"/kaggle/input/datasets/arafatrahmann/my-data221/Epic and CSCR hospital Dataset/Train/meningioma/m2 (65).jpg",1,4
"/kaggle/input/datasets/arafatrahmann/my-data221/Epic and CSCR hospital Dataset/Train/glioma/G_820.jpg",0,"/kaggle/input/datasets/arafatrahmann/my-data221/Epic and CSCR hospital Dataset/Train/meningioma/Tr-me_0108.jpg",1,4
"/kaggle/input/datasets/arafatrahmann/my-data221/Epic and CSCR hospital Dataset/Train/glioma/G_878_HF_.jpg",0,"/kaggle/input/datasets/arafatrahmann/my-data221/Epic and CSCR hospital Dataset/Train/meningioma/Tr-me_1060.jpg",1,4
"/kaggle/input/datasets/arafatrahmann/my-data221/Epic and CSCR hospital Dataset/Train/glioma/G_882_BR_.jpg",0,"/kaggle/input/datasets/arafatrahmann/my-data221/Epic and CSCR hospital Dataset/Train/meningioma/M_866.jpg",1,4
"/kaggle/input/datasets/arafatrahmann/my-data221/Epic and CSCR hospital Dataset/Train/glioma/G_882_BR_.jpg",0,"/kaggle/input/datasets/arafatrahmann/my-data221/Epic and CSCR hospital Dataset/Train/meningioma/M_866_BR_.jpg",1,4
"/kaggle/input/datasets/arafatrahmann/my-data221/Epic and CSCR hospital Dataset/Train/glioma/G_887_HF_.jpg",0,"/kaggle/input/datasets/arafatrahmann/my-data221/Epic and CSCR hospital Dataset/Train/meningioma/M_830_HF_.jpg",1,4
"/kaggle/input/datasets/arafatrahmann/my-data221/Epic and CSCR hospital Dataset/Train/glioma/G_887_HF_.jpg",0,"/kaggle/input/datasets/arafatrahmann/my-data221/Epic and CSCR hospital Dataset/Train/meningioma/Tr-me_1186.jpg",1,4
"/kaggle/input/datasets/arafatrahmann/my-data221/Epic and CSCR hospital Dataset/Train/glioma/G_888_HF_.jpg",0,"/kaggle/input/datasets/arafatrahmann/my-data221/Epic and CSCR hospital Dataset/Train/meningioma/M_830_HF_.jpg",1,4
"/kaggle/input/datasets/arafatrahmann/my-data221/Epic and CSCR hospital Dataset/Train/glioma/G_888_HF_.jpg",0,"/kaggle/input/datasets/arafatrahmann/my-data221/Epic and CSCR hospital Dataset/Train/meningioma/Tr-me_1186.jpg",1,4
"/kaggle/input/datasets/arafatrahmann/my-data221/Epic and CSCR hospital Dataset/Train/glioma/Te-gl_0068.jpg",0,"/kaggle/input/datasets/arafatrahmann/my-data221/Epic and CSCR hospital Dataset/Train/meningioma/Tr-me_0108.jpg",1,4
"/kaggle/input/datasets/arafatrahmann/my-data221/Epic and CSCR hospital Dataset/Train/glioma/Tr-gl_0135.jpg",0,"/kaggle/input/datasets/arafatrahmann/my-data221/Epic and CSCR hospital Dataset/Train/notumor/N_429_HF_.jpg",2,4
"/kaggle/input/datasets/arafatrahmann/my-data221/Epic and CSCR hospital Dataset/Train/glioma/Tr-gl_0136.jpg",0,"/kaggle/input/datasets/arafatrahmann/my-data221/Epic and CSCR hospital Dataset/Train/meningioma/Tr-me_1296.jpg",1,4
"/kaggle/input/datasets/arafatrahmann/my-data221/Epic and CSCR hospital Dataset/Train/glioma/Tr-gl_0136.jpg",0,"/kaggle/input/datasets/arafatrahmann/my-data221/Epic and CSCR hospital Dataset/Train/notumor/N_429_HF_.jpg",2,4
"/kaggle/input/datasets/arafatrahmann/my-data221/Epic and CSCR hospital Dataset/Train/glioma/Tr-gl_0137.jpg",0,"/kaggle/input/datasets/arafatrahmann/my-data221/Epic and CSCR hospital Dataset/Train/meningioma/Tr-me_1295.jpg",1,4
"/kaggle/input/datasets/arafatrahmann/my-data221/Epic and CSCR hospital Dataset/Train/glioma/Tr-gl_0137.jpg",0,"/kaggle/input/datasets/arafatrahmann/my-data221/Epic and CSCR hospital Dataset/Train/meningioma/Tr-me_1296.jpg",1,2
"/kaggle/input/datasets/arafatrahmann/my-data221/Epic and CSCR hospital Dataset/Train/glioma/Tr-gl_0137.jpg",0,"/kaggle/input/datasets/arafatrahmann/my-data221/Epic and CSCR hospital Dataset/Train/meningioma/Tr-me_1297.jpg",1,4
"/kaggle/input/datasets/arafatrahmann/my-data221/Epic and CSCR hospital Dataset/Train/glioma/Tr-gl_0137.jpg",0,"/kaggle/input/datasets/arafatrahmann/my-data221/Epic and CSCR hospital Dataset/Train/notumor/N_408_RO_.jpg",2,4
"/kaggle/input/datasets/arafatrahmann/my-data221/Epic and CSCR hospital Dataset/Train/glioma/Tr-gl_0137.jpg",0,"/kaggle/input/datasets/arafatrahmann/my-data221/Epic and CSCR hospital Dataset/Train/notumor/N_429_HF_.jpg",2,2
"/kaggle/input/datasets/arafatrahmann/my-data221/Epic and CSCR hospital Dataset/Train/glioma/Tr-gl_0138.jpg",0,"/kaggle/input/datasets/arafatrahmann/my-data221/Epic and CSCR hospital Dataset/Train/meningioma/Tr-me_1296.jpg",1,4
"/kaggle/input/datasets/arafatrahmann/my-data221/Epic and CSCR hospital Dataset/Train/glioma/Tr-gl_0138.jpg",0,"/kaggle/input/datasets/arafatrahmann/my-data221/Epic and CSCR hospital Dataset/Train/notumor/N_429_HF_.jpg",2,4
"/kaggle/input/datasets/arafatrahmann/my-data221/Epic and CSCR hospital Dataset/Train/glioma/Tr-gl_0242.jpg",0,"/kaggle/input/datasets/arafatrahmann/my-data221/Epic and CSCR hospital Dataset/Train/notumor/1791.jpg",2,4
"/kaggle/input/datasets/arafatrahmann/my-data221/Epic and CSCR hospital Dataset/Train/glioma/Tr-gl_0242.jpg",0,"/kaggle/input/datasets/arafatrahmann/my-data221/Epic and CSCR hospital Dataset/Train/notumor/1871.jpg",2,4
"/kaggle/input/datasets/arafatrahmann/my-data221/Epic and CSCR hospital Dataset/Train/glioma/Tr-gl_0242.jpg",0,"/kaggle/input/datasets/arafatrahmann/my-data221/Epic and CSCR hospital Dataset/Train/notumor/N_425.jpg",2,4
"/kaggle/input/datasets/arafatrahmann/my-data221/Epic and CSCR hospital Dataset/Train/glioma/Tr-gl_0242.jpg",0,"/kaggle/input/datasets/arafatrahmann/my-data221/Epic and CSCR hospital Dataset/Train/notumor/N_425_BR_.jpg",2,4
"/kaggle/input/datasets/arafatrahmann/my-data221/Epic and CSCR hospital Dataset/Train/glioma/Tr-gl_0242.jpg",0,"/kaggle/input/datasets/arafatrahmann/my-data221/Epic and CSCR hospital Dataset/Train/notumor/N_425_DA_.jpg",2,4
"/kaggle/input/datasets/arafatrahmann/my-data221/Epic and CSCR hospital Dataset/Train/glioma/Tr-gl_0242.jpg",0,"/kaggle/input/datasets/arafatrahmann/my-data221/Epic and CSCR hospital Dataset/Train/notumor/N_47.jpg",2,4
"/kaggle/input/datasets/arafatrahmann/my-data221/Epic and CSCR hospital Dataset/Train/glioma/Tr-gl_0242.jpg",0,"/kaggle/input/datasets/arafatrahmann/my-data221/Epic and CSCR hospital Dataset/Train/notumor/N_47_BR_.jpg",2,4
"/kaggle/input/datasets/arafatrahmann/my-data221/Epic and CSCR hospital Dataset/Train/glioma/Tr-gl_0242.jpg",0,"/kaggle/input/datasets/arafatrahmann/my-data221/Epic and CSCR hospital Dataset/Train/notumor/N_47_DA_.jpg",2,4
"/kaggle/input/datasets/arafatrahmann/my-data221/Epic and CSCR hospital Dataset/Train/glioma/Tr-gl_0242.jpg",0,"/kaggle/input/datasets/arafatrahmann/my-data221/Epic and CSCR hospital Dataset/Train/notumor/Te-no_0088.jpg",2,4
"/kaggle/input/datasets/arafatrahmann/my-data221/Epic and CSCR hospital Dataset/Train/glioma/Tr-gl_0242.jpg",0,"/kaggle/input/datasets/arafatrahmann/my-data221/Epic and CSCR hospital Dataset/Train/notumor/Tr-no_0352.jpg",2,4
"/kaggle/input/datasets/arafatrahmann/my-data221/Epic and CSCR hospital Dataset/Train/glioma/Tr-gl_0242.jpg",0,"/kaggle/input/datasets/arafatrahmann/my-data221/Epic and CSCR hospital Dataset/Test/notumor/1126.jpg",2,4
"/kaggle/input/datasets/arafatrahmann/my-data221/Epic and CSCR hospital Dataset/Train/glioma/Tr-gl_0242.jpg",0,"/kaggle/input/datasets/arafatrahmann/my-data221/Epic and CSCR hospital Dataset/Test/notumor/1190.jpg",2,4
"/kaggle/input/datasets/arafatrahmann/my-data221/Epic and CSCR hospital Dataset/Train/glioma/Tr-gl_0257.jpg",0,"/kaggle/input/datasets/arafatrahmann/my-data221/Epic and CSCR hospital Dataset/Train/meningioma/Tr-me_1260.jpg",1,4
"/kaggle/input/datasets/arafatrahmann/my-data221/Epic and CSCR hospital Dataset/Train/glioma/Tr-gl_0396.jpg",0,"/kaggle/input/datasets/arafatrahmann/my-data221/Epic and CSCR hospital Dataset/Train/notumor/N_429_HF_.jpg",2,4
"/kaggle/input/datasets/arafatrahmann/my-data221/Epic and CSCR hospital Dataset/Train/glioma/Tr-gl_0397.jpg",0,"/kaggle/input/datasets/arafatrahmann/my-data221/Epic and CSCR hospital Dataset/Train/notumor/N_429_HF_.jpg",2,4
"/kaggle/input/datasets/arafatrahmann/my-data221/Epic and CSCR hospital Dataset/Train/glioma/Tr-gl_0415.jpg",0,"/kaggle/input/datasets/arafatrahmann/my-data221/Epic and CSCR hospital Dataset/Train/meningioma/Tr-me_0860.jpg",1,4
"/kaggle/input/datasets/arafatrahmann/my-data221/Epic and CSCR hospital Dataset/Train/glioma/Tr-gl_0934.jpg",0,"/kaggle/input/datasets/arafatrahmann/my-data221/Epic and CSCR hospital Dataset/Train/meningioma/M_830_HF_.jpg",1,4
"/kaggle/input/datasets/arafatrahmann/my-data221/Epic and CSCR hospital Dataset/Train/glioma/Tr-gl_0934.jpg",0,"/kaggle/input/datasets/arafatrahmann/my-data221/Epic and CSCR hospital Dataset/Train/meningioma/Tr-me_1186.jpg",1,4
"/kaggle/input/datasets/arafatrahmann/my-data221/Epic and CSCR hospital Dataset/Train/glioma/Tr-gl_0935.jpg",0,"/kaggle/input/datasets/arafatrahmann/my-data221/Epic and CSCR hospital Dataset/Train/meningioma/M_830_HF_.jpg",1,4
"/kaggle/input/datasets/arafatrahmann/my-data221/Epic and CSCR hospital Dataset/Train/glioma/Tr-gl_0935.jpg",0,"/kaggle/input/datasets/arafatrahmann/my-data221/Epic and CSCR hospital Dataset/Train/meningioma/Tr-me_1186.jpg",1,4
"/kaggle/input/datasets/arafatrahmann/my-data221/Epic and CSCR hospital Dataset/Train/glioma/Tr-gl_0939.jpg",0,"/kaggle/input/datasets/arafatrahmann/my-data221/Epic and CSCR hospital Dataset/Train/meningioma/Tr-me_1060.jpg",1,4
"/kaggle/input/datasets/arafatrahmann/my-data221/Epic and CSCR hospital Dataset/Train/glioma/Tr-gl_0992.jpg",0,"/kaggle/input/datasets/arafatrahmann/my-data221/Epic and CSCR hospital Dataset/Train/meningioma/Tr-me_1160.jpg",1,4
"/kaggle/input/datasets/arafatrahmann/my-data221/Epic and CSCR hospital Dataset/Train/glioma/Tr-gl_0992.jpg",0,"/kaggle/input/datasets/arafatrahmann/my-data221/Epic and CSCR hospital Dataset/Test/meningioma/M_791_HF_.jpg",1,4
"/kaggle/input/datasets/arafatrahmann/my-data221/Epic and CSCR hospital Dataset/Train/glioma/Tr-gl_1120.jpg",0,"/kaggle/input/datasets/arafatrahmann/my-data221/Epic and CSCR hospital Dataset/Train/meningioma/Tr-me_1049.jpg",1,4
"/kaggle/input/datasets/arafatrahmann/my-data221/Epic and CSCR hospital Dataset/Train/glioma/Tr-gl_1121.jpg",0,"/kaggle/input/datasets/arafatrahmann/my-data221/Epic and CSCR hospital Dataset/Train/meningioma/Tr-me_1049.jpg",1,4
"/kaggle/input/datasets/arafatrahmann/my-data221/Epic and CSCR hospital Dataset/Train/glioma/Tr-gl_1216.jpg",0,"/kaggle/input/datasets/arafatrahmann/my-data221/Epic and CSCR hospital Dataset/Train/meningioma/Tr-me_1029.jpg",1,4
"/kaggle/input/datasets/arafatrahmann/my-data221/Epic and CSCR hospital Dataset/Train/glioma/gg (328).jpg",0,"/kaggle/input/datasets/arafatrahmann/my-data221/Epic and CSCR hospital Dataset/Train/meningioma/Tr-me_0835.jpg",1,4
"/kaggle/input/datasets/arafatrahmann/my-data221/Epic and CSCR hospital Dataset/Train/glioma/gg (390).jpg",0,"/kaggle/input/datasets/arafatrahmann/my-data221/Epic and CSCR hospital Dataset/Train/meningioma/Tr-me_0818.jpg",1,4
"/kaggle/input/datasets/arafatrahmann/my-data221/Epic and CSCR hospital Dataset/Train/glioma/gg (452).jpg",0,"/kaggle/input/datasets/arafatrahmann/my-data221/Epic and CSCR hospital Dataset/Train/meningioma/M_872_BR_.jpg",1,4
"/kaggle/input/datasets/arafatrahmann/my-data221/Epic and CSCR hospital Dataset/Train/glioma/gg (520).jpg",0,"/kaggle/input/datasets/arafatrahmann/my-data221/Epic and CSCR hospital Dataset/Train/meningioma/Tr-me_1137.jpg",1,4
"/kaggle/input/datasets/arafatrahmann/my-data221/Epic and CSCR hospital Dataset/Train/glioma/gg (520).jpg",0,"/kaggle/input/datasets/arafatrahmann/my-data221/Epic and CSCR hospital Dataset/Train/notumor/Tr-no_0100.jpg",2,4
"/kaggle/input/datasets/arafatrahmann/my-data221/Epic and CSCR hospital Dataset/Train/glioma/gg (520).jpg",0,"/kaggle/input/datasets/arafatrahmann/my-data221/Epic and CSCR hospital Dataset/Test/notumor/1202.jpg",2,4
"/kaggle/input/datasets/arafatrahmann/my-data221/Epic and CSCR hospital Dataset/Train/glioma/gg (609).jpg",0,"/kaggle/input/datasets/arafatrahmann/my-data221/Epic and CSCR hospital Dataset/Train/meningioma/Te-me_0150.jpg",1,4
"/kaggle/input/datasets/arafatrahmann/my-data221/Epic and CSCR hospital Dataset/Train/glioma/gg (609).jpg",0,"/kaggle/input/datasets/arafatrahmann/my-data221/Epic and CSCR hospital Dataset/Test/meningioma/M_81_HF_.jpg",1,4
"/kaggle/input/datasets/arafatrahmann/my-data221/Epic and CSCR hospital Dataset/Train/glioma/image(2).jpg",0,"/kaggle/input/datasets/arafatrahmann/my-data221/Epic and CSCR hospital Dataset/Train/meningioma/1426.jpg",1,2
"/kaggle/input/datasets/arafatrahmann/my-data221/Epic and CSCR hospital Dataset/Train/glioma/image(2).jpg",0,"/kaggle/input/datasets/arafatrahmann/my-data221/Epic and CSCR hospital Dataset/Train/meningioma/Tr-me_0199.jpg",1,2
"/kaggle/input/datasets/arafatrahmann/my-data221/Epic and CSCR hospital Dataset/Train/glioma/image(2).jpg",0,"/kaggle/input/datasets/arafatrahmann/my-data221/Epic and CSCR hospital Dataset/Test/meningioma/image(13).jpg",1,2
"/kaggle/input/datasets/arafatrahmann/my-data221/Epic and CSCR hospital Dataset/Train/glioma/image(73).jpg",0,"/kaggle/input/datasets/arafatrahmann/my-data221/Epic and CSCR hospital Dataset/Train/meningioma/Tr-me_0108.jpg",1,4
"/kaggle/input/datasets/arafatrahmann/my-data221/Epic and CSCR hospital Dataset/Train/meningioma/1419.jpg",1,"/kaggle/input/datasets/arafatrahmann/my-data221/Epic and CSCR hospital Dataset/Train/notumor/N_429.jpg",2,4
"/kaggle/input/datasets/arafatrahmann/my-data221/Epic and CSCR hospital Dataset/Train/meningioma/1419.jpg",1,"/kaggle/input/datasets/arafatrahmann/my-data221/Epic and CSCR hospital Dataset/Train/notumor/N_429_BR_.jpg",2,4
"/kaggle/input/datasets/arafatrahmann/my-data221/Epic and CSCR hospital Dataset/Train/meningioma/1419.jpg",1,"/kaggle/input/datasets/arafatrahmann/my-data221/Epic and CSCR hospital Dataset/Train/notumor/Te-no_0091.jpg",2,4
"/kaggle/input/datasets/arafatrahmann/my-data221/Epic and CSCR hospital Dataset/Train/meningioma/1419.jpg",1,"/kaggle/input/datasets/arafatrahmann/my-data221/Epic and CSCR hospital Dataset/Train/notumor/Tr-no_0355.jpg",2,4
"/kaggle/input/datasets/arafatrahmann/my-data221/Epic and CSCR hospital Dataset/Train/meningioma/M_820_RO_.jpg",1,"/kaggle/input/datasets/arafatrahmann/my-data221/Epic and CSCR hospital Dataset/Test/glioma/G_703_RO_.jpg",0,4
"/kaggle/input/datasets/arafatrahmann/my-data221/Epic and CSCR hospital Dataset/Train/meningioma/M_820_RO_.jpg",1,"/kaggle/input/datasets/arafatrahmann/my-data221/Epic and CSCR hospital Dataset/Test/glioma/G_73_RO_.jpg",0,4
"/kaggle/input/datasets/arafatrahmann/my-data221/Epic and CSCR hospital Dataset/Train/meningioma/M_872_BR_.jpg",1,"/kaggle/input/datasets/arafatrahmann/my-data221/Epic and CSCR hospital Dataset/Test/glioma/1196.jpg",0,4
"/kaggle/input/datasets/arafatrahmann/my-data221/Epic and CSCR hospital Dataset/Train/meningioma/M_879_RO_.jpg",1,"/kaggle/input/datasets/arafatrahmann/my-data221/Epic and CSCR hospital Dataset/Test/glioma/G_82_RO_.jpg",0,2
"/kaggle/input/datasets/arafatrahmann/my-data221/Epic and CSCR hospital Dataset/Train/meningioma/Te-me_0127.jpg",1,"/kaggle/input/datasets/arafatrahmann/my-data221/Epic and CSCR hospital Dataset/Train/notumor/N_429.jpg",2,4
"/kaggle/input/datasets/arafatrahmann/my-data221/Epic and CSCR hospital Dataset/Train/meningioma/Te-me_0127.jpg",1,"/kaggle/input/datasets/arafatrahmann/my-data221/Epic and CSCR hospital Dataset/Train/notumor/N_429_BR_.jpg",2,4
"/kaggle/input/datasets/arafatrahmann/my-data221/Epic and CSCR hospital Dataset/Train/meningioma/Te-me_0127.jpg",1,"/kaggle/input/datasets/arafatrahmann/my-data221/Epic and CSCR hospital Dataset/Train/notumor/Te-no_0091.jpg",2,4
"/kaggle/input/datasets/arafatrahmann/my-data221/Epic and CSCR hospital Dataset/Train/meningioma/Te-me_0127.jpg",1,"/kaggle/input/datasets/arafatrahmann/my-data221/Epic and CSCR hospital Dataset/Train/notumor/Tr-no_0355.jpg",2,4
"/kaggle/input/datasets/arafatrahmann/my-data221/Epic and CSCR hospital Dataset/Train/meningioma/Te-me_0150.jpg",1,"/kaggle/input/datasets/arafatrahmann/my-data221/Epic and CSCR hospital Dataset/Test/glioma/1400.jpg",0,4
"/kaggle/input/datasets/arafatrahmann/my-data221/Epic and CSCR hospital Dataset/Train/meningioma/Tr-me_0507.jpg",1,"/kaggle/input/datasets/arafatrahmann/my-data221/Epic and CSCR hospital Dataset/Test/glioma/1409.jpg",0,4
"/kaggle/input/datasets/arafatrahmann/my-data221/Epic and CSCR hospital Dataset/Train/meningioma/Tr-me_0828.jpg",1,"/kaggle/input/datasets/arafatrahmann/my-data221/Epic and CSCR hospital Dataset/Train/pituitary/P_834_HF_.jpg",3,0
"/kaggle/input/datasets/arafatrahmann/my-data221/Epic and CSCR hospital Dataset/Train/meningioma/Tr-me_0829.jpg",1,"/kaggle/input/datasets/arafatrahmann/my-data221/Epic and CSCR hospital Dataset/Train/pituitary/P_836_HF_.jpg",3,0
"/kaggle/input/datasets/arafatrahmann/my-data221/Epic and CSCR hospital Dataset/Train/meningioma/Tr-me_0831.jpg",1,"/kaggle/input/datasets/arafatrahmann/my-data221/Epic and CSCR hospital Dataset/Train/pituitary/P_843_HF_.jpg",3,0
"/kaggle/input/datasets/arafatrahmann/my-data221/Epic and CSCR hospital Dataset/Train/meningioma/Tr-me_0942.jpg",1,"/kaggle/input/datasets/arafatrahmann/my-data221/Epic and CSCR hospital Dataset/Train/pituitary/P_833_HF_.jpg",3,0
"/kaggle/input/datasets/arafatrahmann/my-data221/Epic and CSCR hospital Dataset/Train/meningioma/Tr-me_0949.jpg",1,"/kaggle/input/datasets/arafatrahmann/my-data221/Epic and CSCR hospital Dataset/Train/notumor/N_434_BR_.jpg",2,4
"/kaggle/input/datasets/arafatrahmann/my-data221/Epic and CSCR hospital Dataset/Train/meningioma/Tr-me_1108.jpg",1,"/kaggle/input/datasets/arafatrahmann/my-data221/Epic and CSCR hospital Dataset/Test/glioma/1448.jpg",0,4
"/kaggle/input/datasets/arafatrahmann/my-data221/Epic and CSCR hospital Dataset/Train/meningioma/Tr-me_1296.jpg",1,"/kaggle/input/datasets/arafatrahmann/my-data221/Epic and CSCR hospital Dataset/Train/notumor/N_429_HF_.jpg",2,4
"/kaggle/input/datasets/arafatrahmann/my-data221/Epic and CSCR hospital Dataset/Train/meningioma/m2 (65).jpg",1,"/kaggle/input/datasets/arafatrahmann/my-data221/Epic and CSCR hospital Dataset/Test/glioma/1409.jpg",0,4
"/kaggle/input/datasets/arafatrahmann/my-data221/Epic and CSCR hospital Dataset/Train/notumor/1791.jpg",2,"/kaggle/input/datasets/arafatrahmann/my-data221/Epic and CSCR hospital Dataset/Test/glioma/1294.jpg",0,4
"/kaggle/input/datasets/arafatrahmann/my-data221/Epic and CSCR hospital Dataset/Train/notumor/1871.jpg",2,"/kaggle/input/datasets/arafatrahmann/my-data221/Epic and CSCR hospital Dataset/Test/glioma/1294.jpg",0,4
"/kaggle/input/datasets/arafatrahmann/my-data221/Epic and CSCR hospital Dataset/Train/notumor/N_425.jpg",2,"/kaggle/input/datasets/arafatrahmann/my-data221/Epic and CSCR hospital Dataset/Test/glioma/1294.jpg",0,4
"/kaggle/input/datasets/arafatrahmann/my-data221/Epic and CSCR hospital Dataset/Train/notumor/N_425_BR_.jpg",2,"/kaggle/input/datasets/arafatrahmann/my-data221/Epic and CSCR hospital Dataset/Test/glioma/1294.jpg",0,4
"/kaggle/input/datasets/arafatrahmann/my-data221/Epic and CSCR hospital Dataset/Train/notumor/N_425_DA_.jpg",2,"/kaggle/input/datasets/arafatrahmann/my-data221/Epic and CSCR hospital Dataset/Test/glioma/1294.jpg",0,4
"/kaggle/input/datasets/arafatrahmann/my-data221/Epic and CSCR hospital Dataset/Train/notumor/N_429_HF_.jpg",2,"/kaggle/input/datasets/arafatrahmann/my-data221/Epic and CSCR hospital Dataset/Test/glioma/1101.jpg",0,4
"/kaggle/input/datasets/arafatrahmann/my-data221/Epic and CSCR hospital Dataset/Train/notumor/N_47.jpg",2,"/kaggle/input/datasets/arafatrahmann/my-data221/Epic and CSCR hospital Dataset/Test/glioma/1294.jpg",0,4
"/kaggle/input/datasets/arafatrahmann/my-data221/Epic and CSCR hospital Dataset/Train/notumor/N_47_BR_.jpg",2,"/kaggle/input/datasets/arafatrahmann/my-data221/Epic and CSCR hospital Dataset/Test/glioma/1294.jpg",0,4
"/kaggle/input/datasets/arafatrahmann/my-data221/Epic and CSCR hospital Dataset/Train/notumor/N_47_DA_.jpg",2,"/kaggle/input/datasets/arafatrahmann/my-data221/Epic and CSCR hospital Dataset/Test/glioma/1294.jpg",0,4
"/kaggle/input/datasets/arafatrahmann/my-data221/Epic and CSCR hospital Dataset/Train/notumor/Te-no_0088.jpg",2,"/kaggle/input/datasets/arafatrahmann/my-data221/Epic and CSCR hospital Dataset/Test/glioma/1294.jpg",0,4
"/kaggle/input/datasets/arafatrahmann/my-data221/Epic and CSCR hospital Dataset/Train/notumor/Tr-no_0352.jpg",2,"/kaggle/input/datasets/arafatrahmann/my-data221/Epic and CSCR hospital Dataset/Test/glioma/1294.jpg",0,4
"/kaggle/input/datasets/arafatrahmann/my-data221/Epic and CSCR hospital Dataset/Test/glioma/1294.jpg",0,"/kaggle/input/datasets/arafatrahmann/my-data221/Epic and CSCR hospital Dataset/Test/notumor/1126.jpg",2,4
"/kaggle/input/datasets/arafatrahmann/my-data221/Epic and CSCR hospital Dataset/Test/glioma/1294.jpg",0,"/kaggle/input/datasets/arafatrahmann/my-data221/Epic and CSCR hospital Dataset/Test/notumor/1190.jpg",2,4
"/kaggle/input/datasets/arafatrahmann/my-data221/Epic and CSCR hospital Dataset/Test/glioma/1400.jpg",0,"/kaggle/input/datasets/arafatrahmann/my-data221/Epic and CSCR hospital Dataset/Test/meningioma/M_81_HF_.jpg",1,4
"/kaggle/input/datasets/arafatrahmann/my-data221/Epic and CSCR hospital Dataset/Test/glioma/G_82_RO_.jpg",0,"/kaggle/input/datasets/arafatrahmann/my-data221/Epic and CSCR hospital Dataset/Test/meningioma/M_87_RO_.jpg",1,4
